Metric,Value
Accuracy,0.8385518590998043
Precision,0.18232044198895028
Recall,0.66
F1,0.2857142857142857
ROC-AUC,0.8211522633744857
Threshold,0.5
Weight_CB,0.7
