Metric,Score
Accuracy,0.8434442270058709
Precision,0.10714285714285714
Recall,0.3
F1,0.15789473684210525
ROC-AUC,0.7381687242798354
