feature,mean_abs_shap
age,1.5415752810347834
bmi,0.44849133235792227
age_group,0.3439863551722423
gender,0.1628572504407644
avg_glucose_level,0.15550551369409385
smoking_status,0.11302075927361226
work_type,0.10187729742615512
Residence_type,0.06894457961119192
ever_married,0.06158730517748125
hypertension,0.05877669861800291
heart_disease,0.013527154339597945
